season,avg_anomaly,max_anomaly,min_anomaly,cnt_anomaly
Spring,0.0647906976744186,1.36,-0.63,430
Summer,0.04822843822843823,1.02,-0.54,429
Autumn,0.07361305361305362,1.11,-0.58,429
Winter,0.06292343387470999,1.37,-0.82,431
